{
    "0": {
        "1": 0,
        "-1": 0,
        "0": 0.29701
    },
    "2": {
        "1": 0.199,
        "-1": 0,
        "0": 0
    },
    "6": {
        "1": 0.3940399,
        "-1": 0,
        "0": 0
    },
    "4": {
        "1": 0.1,
        "-1": 0,
        "0": 0
    },
    "9": {
        "1": -0.1,
        "-1": 0.29701,
        "0": 0
    },
    "8": {
        "1": 0,
        "-1": -0.1,
        "0": 0.0
    },
    "3": {
        "1": -0.1,
        "-1": 0,
        "0": 0
    },
    "7": {
        "1": -0.1,
        "-1": 0.1,
        "0": 0
    },
    "1": {
        "1": -0.1,
        "-1": 0,
        "0": 0
    }
}