{
    "4": {
        "1": 9.999307626477405,
        "-1": 3.758394553503709,
        "0": 6.899809304274221
    },
    "3": {
        "1": 3.8268480455653067,
        "-1": 9.999433702892468,
        "0": 7.5541238770291335
    },
    "2": {
        "1": 9.99887836614149,
        "-1": 3.7223400320794156,
        "0": 7.3868224920146535
    },
    "1": {
        "1": 3.695845726032268,
        "-1": 9.999416368451856,
        "0": 7.620778592248072
    },
    "7": {
        "1": 3.731928352979773,
        "-1": 9.998922562990836,
        "0": 7.810661342102657
    },
    "8": {
        "1": 9.999082607885683,
        "-1": 3.8411799123620303,
        "0": 7.679625229949083
    },
    "5": {
        "1": 3.7372215697936095,
        "-1": 9.99884403275845,
        "0": 6.5948698255477645
    },
    "0": {
        "1": 7.955244585735138,
        "-1": 3.9265580923897385,
        "0": 9.998933337360928
    },
    "9": {
        "1": 3.5059730587936837,
        "-1": 9.999144930599805,
        "0": 7.4937162941407784
    },
    "6": {
        "1": 9.999015742709052,
        "-1": 3.692329355339194,
        "0": 7.760124318166362
    }
}